原始日期,转换后的日期
,
,
,
,
,
,
,
,
,
,
,
,
,
,
,
,
,
,
,
,
,
,
,
,
,
,
,
,
,
,
,
,
,
,
,
,
,
,
,
,
,
,
,
,
,
,
,
,
,
,
,
,
,
,
,
前天06:56,2024-11-10
3天前,2024-11-07
3天前,2024-11-07
3天前,2024-11-07
7天前,2024-11-03
7天前,2024-11-03
7天前,2024-11-03
4天前,2024-11-06
8天前,2024-11-02
9小时前,2024-11-10
2小时前,2024-11-10
4小时前,2024-11-10
8小时前,2024-11-10
9小时前,2024-11-10
7小时前,2024-11-10
9小时前,2024-11-10
9小时前,2024-11-10
5月30日,2024-05-30
5月30日,2024-05-30
5月24日,2024-05-24
4月11日,2024-04-11
4月10日,2024-04-10
,
3月27日,2024-03-27
3月15日,2024-03-15
3月15日,2024-03-15
3月12日,2024-03-12
3月8日,2024-03-08
3月6日,2024-03-06
6月24日,2024-06-24
5月29日,2024-05-29
4月10日,2024-04-10
4月4日,2024-04-04
3月31日,2024-03-31
6天前,2024-11-04
8天前,2024-11-02
4月17日,2024-04-17
3月1日,2024-03-01
2月21日,2024-02-21
2023年12月18日,2023-12-18
2023年8月31日,2023-08-31
2023年7月3日,2023-07-03
3月11日,2024-03-11
2月28日,2024-02-28
1月5日,2024-01-05
2023年12月22日,2023-12-22
2月12日,2024-02-12
1月29日,2024-01-29
2023年12月26日,2023-12-26
2023年11月23日,2023-11-23
2023年11月14日,2023-11-14
2023年12月9日,2023-12-09
2023年12月3日,2023-12-03
8月5日,2024-08-05
3月29日,2024-03-29
3月15日,2024-03-15
2月26日,2024-02-26
2月2日,2024-02-02
2023年9月13日,2023-09-13
2023年7月15日,2023-07-15
2023年11月2日,2023-11-02
2023年10月28日,2023-10-28
2023年9月13日,2023-09-13
2023年7月19日,2023-07-19
2023年5月31日,2023-05-31
2023年5月30日,2023-05-30
,
2023年2月22日,2023-02-22
2022年6月27日,2022-06-27
2023年6月28日,2023-06-28
2023年3月25日,2023-03-25
2023年2月17日,2023-02-17
2022年12月21日,2022-12-21
2022年10月21日,2022-10-21
,
2022年6月25日,2022-06-25
2022年3月24日,2022-03-24
2022年2月10日,2022-02-10
,
2021年5月28日,2021-05-28
,
,
2021年10月8日,2021-10-08
2020年9月7日,2020-09-07
2020年7月29日,2020-07-29
2020年7月5日,2020-07-05
2020年4月20日,2020-04-20
2019年12月25日,2019-12-25
2019年11月10日,2019-11-10
2019年9月24日,2019-09-24
2019年8月30日,2019-08-30
2019年8月30日,2019-08-30
2019年8月28日,2019-08-28
2020年11月3日,2020-11-03
2020年8月11日,2020-08-11
2020年3月3日,2020-03-03
2020年1月12日,2020-01-12
2019年9月23日,2019-09-23
2019年8月8日,2019-08-08
2019年4月11日,2019-04-11
2018年11月14日,2018-11-14
2018年11月9日,2018-11-09
2018年9月18日,2018-09-18
2018年9月17日,2018-09-17
2018年8月15日,2018-08-15
2018年4月12日,2018-04-12
2018年4月12日,2018-04-12
2018年3月12日,2018-03-12
2018年1月1日,2018-01-01
,
2017年10月19日,2017-10-19
2017年3月21日,2017-03-21
,
2016年3月16日,2016-03-16
2021年11月25日,2021-11-25
2021年11月23日,2021-11-23
2021年11月19日,2021-11-19
2021年11月12日,2021-11-12
2021年6月8日,2021-06-08
2021年1月28日,2021-01-28
2020年12月4日,2020-12-04
2020年9月7日,2020-09-07
2023年6月29日,2023-06-29
2023年6月21日,2023-06-21
2023年1月9日,2023-01-09
2022年10月15日,2022-10-15
2022年5月23日,2022-05-23
,
2021年12月25日,2021-12-25
,
2019年9月10日,2019-09-10
2019年9月10日,2019-09-10
2019年9月7日,2019-09-07
2019年9月2日,2019-09-02
2019年8月23日,2019-08-23
2019年8月8日,2019-08-08
2019年8月3日,2019-08-03
2019年7月7日,2019-07-07
2019年6月14日,2019-06-14
2019年5月21日,2019-05-21
2018年12月30日,2018-12-30
2020年8月11日,2020-08-11
2020年3月3日,2020-03-03
2020年1月12日,2020-01-12
2019年9月23日,2019-09-23
2019年8月8日,2019-08-08
2019年4月11日,2019-04-11
2020年8月11日,2020-08-11
2020年3月3日,2020-03-03
2020年1月12日,2020-01-12
2019年9月23日,2019-09-23
2019年8月8日,2019-08-08
2019年4月11日,2019-04-11
27 May 2015,
