月份,网页数量
,222
2024-11,253
2024-05,28
2024-03,40
2024-06,22
2024-04,23
2024-02,17
2023-12,26
2023-08,18
2023-07,22
2024-01,15
2023-11,34
2024-08,48
2023-10,17
2023-09,23
2023-05,14
2023-02,39
2023-06,15
2023-03,11
2022-12,6
2022-10,8
2022-06,4
2022-03,4
2022-02,3
2021-10,7
2020-09,8
2020-07,4
2020-04,4
2019-12,3
2019-11,3
2019-09,11
2019-08,13
2020-11,5
2020-08,5
2020-03,3
2020-01,3
2019-04,4
2018-11,7
2018-09,3
2018-08,3
2018-04,4
2018-03,3
2018-01,2
2017-10,4
2017-03,2
2016-03,2
2021-11,14
2021-06,4
2021-01,4
2020-12,4
2023-01,5
2022-05,3
2019-07,7
2019-06,7
2019-05,4
2018-12,2
2024-09,46
2024-10,62
2024-07,44
2017-06,2
2004-04,5
2019-01,5
2017-04,1
2019-10,5
2018-10,4
2017-12,4
2017-11,3
2023-04,11
2021-03,1
2022-09,4
2021-08,5
2021-04,4
2022-08,6
2021-12,3
2021-05,4
2020-10,1
2022-07,1
2022-01,1
2021-09,2
2021-07,5
2022-04,5
2020-05,3
2020-06,2
2017-09,1
2017-07,2
2016-11,2
2015-04,1
2016-12,1
2022-11,4
2019-03,2
2019-02,2
2018-07,1
2018-05,1
2015-11,1
2018-06,1
2013-04,1
2015-09,1
2020-02,2
